Model,Accuracy,Precision (spam),Recall (spam),F1 (spam),Macro Precision,Macro Recall,Macro F1
Naive Bayes,0.9712746858168761,1.0,0.7866666666666666,0.8805970149253731,0.9839357429718876,0.8933333333333333,0.9321352421565641
Logistic Regression,0.9829443447037702,0.9851851851851852,0.8866666666666667,0.9333333333333333,0.9839102636855446,0.9422959889349931,0.9617773202950763
Linear SVM,0.9838420107719928,0.9782608695652174,0.9,0.9375,0.9814460085531005,0.9484439834024896,0.9641108247422681
